age,education,land_size_acres,region,crop_type,irrigation,soil_health_index,avg_yield_t_per_acre,annual_income_inr,income_per_acre,past_loan_status,credit_score,loan_requested_inr,loan_purpose,requested_to_income_ratio,risk_score_continuous,risk_label,eligible
58,Secondary,10.01,Wet,Cereals,Drip,59.0,1.4,304771.0,30447.0,Paid,628,362953,Irrigation,1.191,0.38,MEDIUM,1
48,Secondary,0.96,Dry,Dairy,Rainfed,44.3,5.22,130616.0,136058.0,Paid,661,18089,Working Capital,0.138,0.18,LOW,1
34,Primary,8.7,Irrigated,Cereals,Rainfed,54.0,0.86,145069.0,16675.0,Paid,558,496220,Irrigation,3.421,0.457,MEDIUM,0
62,Secondary,0.79,Irrigated,Dairy,Tube-well,67.8,5.79,124901.0,158103.0,Paid,474,14783,Livestock,0.118,0.258,LOW,1
27,Primary,9.74,Wet,Dairy,Rainfed,44.3,3.62,800000.0,82136.0,Paid,850,447874,Irrigation,0.56,0.106,LOW,1
40,Secondary,0.77,Dry,Cereals,Drip,59.5,1.38,33880.0,44000.0,Paid,593,17019,Livestock,0.502,0.414,MEDIUM,1
58,No formal,0.59,Irrigated,Vegetables,Drip,58.9,3.62,39983.0,67768.0,Paid,548,5000,Irrigation,0.125,0.373,MEDIUM,1
38,No formal,6.47,Dry,Fruits,Canal,81.0,2.79,381423.0,58953.0,Paid,692,245039,Livestock,0.642,0.244,LOW,1
42,Secondary,29.99,Dry,Pulses,Rainfed,61.2,0.77,550260.0,18348.0,None,771,1000000,Irrigation,1.817,0.343,MEDIUM,1
30,Primary,11.85,Dry,Dairy,Canal,59.0,3.27,800000.0,67511.0,Paid,850,237830,Irrigation,0.297,0.181,LOW,1
30,No formal,4.79,Dry,Fruits,Rainfed,67.3,2.28,352109.0,73509.0,Paid,655,246105,Equipment,0.699,0.211,LOW,1
43,Secondary,12.97,Irrigated,Vegetables,Tube-well,49.3,4.57,800000.0,61681.0,None,850,310542,Livestock,0.388,0.238,LOW,1
55,No formal,0.53,Irrigated,Pulses,Canal,75.5,0.58,45435.0,85726.0,None,633,34554,Livestock,0.76,0.178,LOW,1
59,Higher Secondary,18.96,Dry,Pulses,Tube-well,61.2,0.62,260987.0,13765.0,None,576,741906,Livestock,2.843,0.477,MEDIUM,0
43,No formal,3.87,Wet,Dairy,Rainfed,26.9,2.86,183651.0,47455.0,Paid,638,175871,Seeds/Inputs,0.958,0.367,MEDIUM,1
22,Secondary,6.92,Irrigated,Cereals,Tube-well,34.3,1.25,199232.0,28791.0,Paid,506,207823,Irrigation,1.043,0.508,MEDIUM,0
41,Secondary,9.1,Irrigated,Vegetables,Rainfed,49.7,1.48,322580.0,35448.0,None,730,321544,Livestock,0.997,0.36,MEDIUM,1
21,Secondary,6.84,Wet,Dairy,Rainfed,31.2,1.97,329638.0,48193.0,Paid,637,165686,Seeds/Inputs,0.503,0.408,MEDIUM,1
43,Primary,4.33,Irrigated,Vegetables,Rainfed,55.7,2.74,363631.0,83979.0,Paid,813,160928,Equipment,0.443,0.116,LOW,1
63,Primary,3.74,Irrigated,Cereals,Drip,49.8,0.68,106835.0,28566.0,None,485,243395,Livestock,2.278,0.478,MEDIUM,0
49,Graduate,9.62,Irrigated,Cereals,Canal,58.2,0.72,197149.0,20494.0,Paid,684,534105,Livestock,2.709,0.361,MEDIUM,1
57,Higher Secondary,1.65,Dry,Dairy,Drip,88.4,2.08,101515.0,61524.0,Default,578,70988,Seeds/Inputs,0.699,0.718,HIGH,0
21,Higher Secondary,17.71,Wet,Cereals,Rainfed,54.1,0.86,437902.0,24726.0,Paid,686,754955,Irrigation,1.724,0.346,MEDIUM,1
40,Primary,6.71,Irrigated,Fruits,Rainfed,54.5,3.08,622447.0,92764.0,Paid,792,381099,Equipment,0.612,0.071,LOW,1
52,No formal,1.61,Dry,Pulses,Canal,62.0,1.04,56265.0,34947.0,Default,383,35140,Livestock,0.625,0.996,HIGH,0
31,Primary,7.16,Irrigated,Dairy,Rainfed,47.5,6.88,800000.0,111732.0,Paid,850,377119,Irrigation,0.471,0.03,LOW,1
41,Secondary,4.27,Dry,Vegetables,Canal,70.2,4.88,413818.0,96913.0,None,798,277853,Equipment,0.671,0.048,LOW,1
63,Primary,6.64,Dry,Fruits,Tube-well,63.9,3.13,487373.0,73400.0,Paid,748,129727,Working Capital,0.266,0.21,LOW,1
44,Higher Secondary,7.8,Dry,Dairy,Tube-well,55.7,5.54,800000.0,102564.0,Paid,850,171925,Working Capital,0.215,0.047,LOW,1
68,Primary,0.96,Dry,Cereals,Tube-well,57.8,1.25,49204.0,51254.0,Paid,413,17427,Equipment,0.354,0.503,MEDIUM,0
46,Graduate,4.03,Irrigated,Cereals,Drip,100.0,1.41,152665.0,37882.0,None,754,188634,Seeds/Inputs,1.236,0.24,LOW,1
61,Secondary,13.94,Irrigated,Cereals,Rainfed,77.0,1.98,787289.0,56477.0,Paid,850,271247,Equipment,0.345,0.201,LOW,1
47,Higher Secondary,2.43,Irrigated,Cereals,Rainfed,99.6,1.35,85705.0,35270.0,None,638,76286,Equipment,0.89,0.357,MEDIUM,1
35,Primary,5.01,Wet,Vegetables,Canal,64.6,4.15,532523.0,106292.0,Default,631,188075,Seeds/Inputs,0.353,0.583,MEDIUM,0
34,Secondary,2.8,Dry,Fruits,Drip,36.5,1.75,142732.0,50976.0,None,681,115878,Seeds/Inputs,0.812,0.356,MEDIUM,1
66,Secondary,3.53,Wet,Pulses,Rainfed,50.3,0.63,77786.0,22036.0,None,665,191152,Irrigation,2.457,0.403,MEDIUM,1
63,Primary,4.48,Wet,Vegetables,Rainfed,24.4,3.31,302532.0,67529.0,None,681,265431,Irrigation,0.877,0.29,LOW,1
22,Primary,4.48,Wet,Vegetables,Rainfed,64.5,3.15,320296.0,71495.0,None,713,136367,Seeds/Inputs,0.426,0.248,LOW,1
56,Graduate,1.63,Dry,Pulses,Canal,68.4,0.65,39745.0,24383.0,Paid,668,72349,Working Capital,1.82,0.338,MEDIUM,1
26,Secondary,6.27,Wet,Pulses,Tube-well,39.1,1.4,207939.0,33164.0,Default,403,273573,Working Capital,1.316,0.948,HIGH,0
40,No formal,0.96,Wet,Cereals,Drip,51.2,1.27,48578.0,50602.0,Paid,654,15597,Equipment,0.321,0.379,MEDIUM,1
28,Secondary,1.25,Irrigated,Vegetables,Rainfed,62.7,2.56,86643.0,69314.0,None,569,50916,Livestock,0.588,0.326,LOW,1
58,Secondary,0.51,Irrigated,Dairy,Tube-well,38.4,4.23,98532.0,193200.0,None,510,59137,Equipment,0.6,0.252,LOW,1
37,Higher Secondary,1.12,Wet,Pulses,Canal,32.1,0.81,28308.0,25275.0,Paid,482,32107,Equipment,1.134,0.531,MEDIUM,0
23,Primary,3.7,Wet,Pulses,Rainfed,77.3,0.85,144055.0,38934.0,Default,433,153319,Livestock,1.064,0.88,HIGH,0
44,Primary,5.16,Irrigated,Fruits,Rainfed,62.1,1.23,150454.0,29158.0,Paid,528,221612,Seeds/Inputs,1.473,0.409,MEDIUM,1
33,No formal,8.41,Dry,Dairy,Rainfed,45.0,5.94,800000.0,95125.0,Paid,850,258636,Working Capital,0.323,0.072,LOW,1
69,Secondary,1.06,Irrigated,Dairy,Rainfed,29.5,6.02,208936.0,197109.0,None,694,19924,Equipment,0.095,0.213,LOW,1
28,Secondary,10.01,Irrigated,Pulses,Tube-well,75.3,1.17,309296.0,30899.0,Paid,790,511045,Livestock,1.652,0.229,LOW,1
45,No formal,7.35,Wet,Cereals,Canal,42.7,1.33,257412.0,35022.0,Paid,724,266301,Irrigation,1.035,0.343,MEDIUM,1
21,Graduate,3.13,Dry,Fruits,Tube-well,88.5,3.03,262970.0,84016.0,None,686,181698,Equipment,0.691,0.145,LOW,1
39,Secondary,14.01,Dry,Dairy,Rainfed,70.5,2.7,707683.0,50513.0,None,850,631482,Working Capital,0.892,0.205,LOW,1
47,Primary,24.01,Wet,Pulses,Rainfed,40.5,1.01,481515.0,20055.0,Paid,759,822756,Seeds/Inputs,1.709,0.343,MEDIUM,1
66,No formal,1.65,Dry,Dairy,Canal,42.1,4.38,199862.0,121128.0,None,625,67094,Equipment,0.336,0.21,LOW,1
26,Primary,2.88,Irrigated,Fruits,Rainfed,91.0,2.13,153302.0,53230.0,None,514,81682,Equipment,0.533,0.398,MEDIUM,1
63,Graduate,13.55,Dry,Fruits,Canal,53.5,3.19,693123.0,51153.0,Paid,850,480963,Livestock,0.694,0.22,LOW,1
27,Secondary,6.89,Dry,Vegetables,Tube-well,45.8,3.9,797582.0,115759.0,None,804,233541,Irrigation,0.293,0.106,LOW,1
66,Secondary,0.75,Irrigated,Pulses,Canal,60.5,0.82,5000.0,6667.0,None,468,45128,Irrigation,9.024,0.573,MEDIUM,0
54,Secondary,8.11,Irrigated,Fruits,Canal,50.7,2.85,540532.0,66650.0,Paid,850,407920,Seeds/Inputs,0.755,0.146,LOW,1
33,Secondary,9.3,Dry,Vegetables,Rainfed,59.3,1.97,552549.0,59414.0,Paid,837,372504,Working Capital,0.674,0.184,LOW,1
36,Higher Secondary,7.44,Dry,Vegetables,Rainfed,53.6,4.24,714173.0,95991.0,Paid,850,374967,Seeds/Inputs,0.525,0.034,LOW,1
55,No formal,8.54,Dry,Dairy,Rainfed,70.8,2.65,715629.0,83797.0,Paid,850,350742,Equipment,0.49,0.07,LOW,1
69,Secondary,9.22,Wet,Dairy,Canal,48.0,2.94,663584.0,71972.0,Paid,759,304860,Equipment,0.459,0.211,LOW,1
59,Primary,1.53,Dry,Vegetables,Rainfed,39.1,3.06,111215.0,72690.0,Paid,494,70196,Irrigation,0.631,0.354,MEDIUM,1
23,Primary,1.84,Wet,Dairy,Rainfed,48.7,5.67,300357.0,163238.0,None,665,45362,Working Capital,0.151,0.198,LOW,1
21,Primary,5.52,Irrigated,Fruits,Canal,53.6,3.39,469843.0,85116.0,Paid,713,183251,Livestock,0.39,0.177,LOW,1
25,No formal,12.42,Dry,Cereals,Rainfed,53.6,1.2,419399.0,33768.0,Default,634,493955,Working Capital,1.178,0.807,HIGH,0
61,No formal,2.4,Irrigated,Fruits,Rainfed,71.4,3.12,242410.0,101004.0,None,710,59784,Equipment,0.247,0.13,LOW,1
23,Primary,4.94,Irrigated,Vegetables,Rainfed,70.4,1.31,189466.0,38353.0,None,756,101158,Livestock,0.534,0.354,MEDIUM,1
48,Graduate,6.24,Dry,Vegetables,Tube-well,76.6,2.28,373367.0,59834.0,Paid,802,288700,Working Capital,0.773,0.168,LOW,1
37,Primary,3.51,Irrigated,Fruits,Canal,45.4,1.94,226536.0,64540.0,None,584,118220,Working Capital,0.522,0.37,MEDIUM,1
45,No formal,6.76,Wet,Dairy,Canal,62.0,5.88,800000.0,118343.0,None,850,249700,Livestock,0.312,0.055,LOW,1
63,Higher Secondary,12.0,Irrigated,Dairy,Rainfed,73.1,4.98,800000.0,66667.0,Paid,850,697371,Equipment,0.872,0.103,LOW,1
53,Higher Secondary,5.39,Wet,Vegetables,Tube-well,42.9,3.18,502709.0,93267.0,Default,600,227508,Working Capital,0.453,0.65,MEDIUM,0
29,Primary,4.38,Wet,Pulses,Canal,51.3,0.87,80614.0,18405.0,None,491,253384,Livestock,3.143,0.519,MEDIUM,0
55,Secondary,3.39,Wet,Dairy,Rainfed,23.5,6.35,549035.0,161957.0,None,850,89442,Equipment,0.163,0.124,LOW,1
33,Secondary,4.81,Irrigated,Fruits,Tube-well,76.3,2.36,325432.0,67657.0,None,714,230274,Livestock,0.708,0.218,LOW,1
50,No formal,2.7,Irrigated,Dairy,Rainfed,56.1,2.03,143855.0,53280.0,Paid,604,147509,Livestock,1.025,0.313,LOW,1
67,Graduate,2.98,Wet,Fruits,Canal,69.5,3.37,293803.0,98592.0,Paid,736,164628,Working Capital,0.56,0.062,LOW,1
34,Higher Secondary,4.29,Irrigated,Vegetables,Canal,63.7,3.18,404190.0,94217.0,None,795,199795,Equipment,0.494,0.091,LOW,1
27,Primary,0.84,Dry,Dairy,Rainfed,51.7,5.43,103805.0,123577.0,Paid,691,13910,Working Capital,0.134,0.153,LOW,1
33,No formal,1.8,Dry,Fruits,Tube-well,26.3,2.46,152674.0,84819.0,None,567,53602,Seeds/Inputs,0.351,0.332,MEDIUM,1
42,Graduate,4.41,Dry,Vegetables,Drip,37.5,2.16,205055.0,46498.0,Paid,685,196256,Seeds/Inputs,0.957,0.329,LOW,1
59,Secondary,3.32,Dry,Pulses,Canal,8.3,0.9,48145.0,14502.0,Paid,501,91211,Equipment,1.894,0.562,MEDIUM,0
40,Secondary,2.52,Dry,Fruits,Rainfed,44.9,2.51,144381.0,57294.0,Paid,607,133860,Livestock,0.927,0.319,LOW,1
35,Secondary,7.06,Irrigated,Pulses,Rainfed,100.0,0.85,195868.0,27743.0,Paid,652,197888,Working Capital,1.01,0.343,MEDIUM,1
64,Secondary,6.42,Dry,Pulses,Rainfed,31.8,1.2,204718.0,31888.0,None,665,379514,Working Capital,1.854,0.383,MEDIUM,1
37,Graduate,1.41,Wet,Cereals,Drip,15.6,0.76,45585.0,32330.0,Paid,582,82439,Equipment,1.808,0.424,MEDIUM,1
66,Graduate,11.04,Dry,Dairy,Rainfed,72.3,4.43,800000.0,72464.0,Paid,850,357062,Equipment,0.446,0.124,LOW,1
43,Higher Secondary,3.92,Irrigated,Fruits,Canal,100.0,1.84,150257.0,38331.0,None,577,130807,Seeds/Inputs,0.871,0.38,MEDIUM,1
45,Secondary,7.26,Irrigated,Pulses,Drip,73.4,0.15,43610.0,6007.0,Paid,586,432765,Irrigation,9.923,0.463,MEDIUM,0
44,Higher Secondary,4.76,Wet,Cereals,Rainfed,60.2,1.18,167991.0,35292.0,None,573,272943,Equipment,1.625,0.382,MEDIUM,1
64,Secondary,30.86,Irrigated,Vegetables,Canal,54.4,3.03,800000.0,25924.0,Paid,850,1000000,Irrigation,1.25,0.272,LOW,1
60,Secondary,7.48,Dry,Fruits,Rainfed,22.7,3.0,332786.0,44490.0,None,643,250215,Equipment,0.752,0.433,MEDIUM,1
48,Primary,6.64,Irrigated,Pulses,Tube-well,33.9,0.75,105719.0,15922.0,Default,427,307129,Livestock,2.905,1.0,HIGH,0
34,Higher Secondary,8.04,Dry,Dairy,Canal,49.3,1.77,291077.0,36204.0,None,766,352447,Livestock,1.211,0.313,LOW,1
64,Higher Secondary,1.27,Irrigated,Cereals,Rainfed,50.8,0.87,30842.0,24285.0,Paid,531,16016,Seeds/Inputs,0.519,0.549,MEDIUM,0
20,Secondary,1.64,Dry,Pulses,Rainfed,52.9,1.13,48813.0,29764.0,Paid,645,117745,Seeds/Inputs,2.412,0.348,MEDIUM,1
44,Higher Secondary,6.76,Wet,Dairy,Rainfed,69.9,2.75,349811.0,51747.0,Paid,737,134503,Irrigation,0.385,0.294,LOW,1
26,Secondary,3.91,Irrigated,Pulses,Drip,57.5,1.2,146124.0,37372.0,None,591,72514,Equipment,0.496,0.476,MEDIUM,0
28,Primary,7.53,Dry,Fruits,Drip,78.3,3.34,696310.0,92471.0,Paid,838,249436,Working Capital,0.358,0.041,LOW,1
43,Primary,1.04,Dry,Fruits,Canal,44.6,2.25,70991.0,68261.0,Paid,522,58473,Seeds/Inputs,0.824,0.33,LOW,1
20,Primary,4.34,Dry,Fruits,Rainfed,73.7,1.92,260239.0,59963.0,None,649,116525,Working Capital,0.448,0.322,LOW,1
63,Secondary,2.88,Dry,Cereals,Rainfed,56.6,1.62,111897.0,38853.0,None,592,114614,Working Capital,1.024,0.412,MEDIUM,1
27,No formal,3.55,Wet,Fruits,Rainfed,47.2,2.31,190900.0,53775.0,Paid,579,111232,Equipment,0.583,0.385,MEDIUM,1
43,Secondary,5.13,Dry,Dairy,Canal,56.2,1.68,291277.0,56779.0,Paid,687,162781,Irrigation,0.559,0.299,LOW,1
30,Primary,3.99,Dry,Pulses,Tube-well,49.7,0.94,79620.0,19955.0,None,502,117917,Equipment,1.481,0.509,MEDIUM,0
36,Secondary,4.38,Dry,Vegetables,Rainfed,57.0,3.42,426554.0,97387.0,None,824,266708,Seeds/Inputs,0.625,0.054,LOW,1
27,Secondary,3.83,Irrigated,Dairy,Rainfed,73.6,5.71,366056.0,95576.0,None,809,116159,Working Capital,0.317,0.082,LOW,1
54,Secondary,3.13,Dry,Dairy,Canal,53.4,4.52,337822.0,107930.0,Paid,663,163757,Equipment,0.485,0.129,LOW,1
54,Primary,7.89,Dry,Fruits,Drip,56.3,2.06,268928.0,34085.0,Paid,624,334966,Equipment,1.246,0.364,MEDIUM,1
52,Primary,0.56,Dry,Cereals,Drip,42.8,1.71,36444.0,65079.0,Paid,582,33402,Equipment,0.917,0.302,LOW,1
24,Secondary,5.06,Wet,Pulses,Tube-well,65.4,1.14,149433.0,29532.0,Default,606,183195,Seeds/Inputs,1.226,0.821,HIGH,0
61,Secondary,4.67,Irrigated,Cereals,Rainfed,66.3,1.29,169019.0,36193.0,Paid,753,208930,Irrigation,1.236,0.267,LOW,1
58,Primary,6.8,Dry,Pulses,Rainfed,33.7,0.82,151564.0,22289.0,None,514,364096,Equipment,2.402,0.512,MEDIUM,0
60,Graduate,5.07,Dry,Pulses,Tube-well,70.0,0.47,67239.0,13262.0,None,664,216336,Seeds/Inputs,3.217,0.416,MEDIUM,1
47,No formal,9.27,Irrigated,Cereals,Canal,38.4,0.96,172131.0,18569.0,None,631,231679,Working Capital,1.346,0.471,MEDIUM,0
26,Secondary,16.48,Irrigated,Dairy,Rainfed,78.5,5.14,800000.0,48544.0,Default,827,764340,Livestock,0.955,0.619,MEDIUM,0
28,Graduate,2.6,Dry,Pulses,Drip,75.4,0.66,63905.0,24579.0,Paid,622,31545,Seeds/Inputs,0.494,0.464,MEDIUM,0
27,Secondary,1.79,Irrigated,Cereals,Drip,75.6,0.62,57270.0,31994.0,None,540,86776,Livestock,1.515,0.395,MEDIUM,1
31,Secondary,3.25,Irrigated,Pulses,Canal,53.2,1.67,157012.0,48311.0,None,716,173944,Equipment,1.108,0.293,LOW,1
53,Secondary,2.2,Dry,Vegetables,Canal,65.4,1.54,128809.0,58550.0,Paid,728,36247,Equipment,0.281,0.285,LOW,1
52,Secondary,5.27,Irrigated,Dairy,Rainfed,79.4,7.39,800000.0,151803.0,Paid,850,276673,Seeds/Inputs,0.346,0.0,LOW,1
67,Higher Secondary,12.64,Irrigated,Fruits,Canal,70.7,2.25,711381.0,56280.0,None,758,292162,Livestock,0.411,0.284,LOW,1
42,Primary,1.25,Wet,Pulses,Canal,42.9,0.78,61072.0,48858.0,Default,442,79193,Equipment,1.297,0.851,HIGH,0
43,Primary,1.03,Dry,Vegetables,Drip,67.8,2.33,53193.0,51644.0,Paid,422,31662,Working Capital,0.595,0.456,MEDIUM,0
56,Secondary,1.98,Dry,Fruits,Drip,83.4,3.13,119664.0,60436.0,None,549,44882,Irrigation,0.375,0.373,MEDIUM,1
54,Higher Secondary,6.97,Irrigated,Fruits,Drip,100.0,1.35,252395.0,36212.0,Paid,484,215662,Irrigation,0.854,0.418,MEDIUM,1
63,Secondary,4.99,Irrigated,Pulses,Rainfed,56.3,0.34,59690.0,11962.0,None,616,261141,Equipment,4.375,0.469,MEDIUM,0
59,Primary,1.04,Wet,Cereals,Drip,78.4,1.84,68261.0,65636.0,Default,482,22639,Livestock,0.332,0.809,HIGH,0
41,Secondary,13.05,Wet,Pulses,Drip,83.4,0.6,197802.0,15157.0,Default,494,335633,Equipment,1.697,0.897,HIGH,0
46,Higher Secondary,8.31,Wet,Vegetables,Canal,40.4,3.75,631602.0,76005.0,Paid,803,308112,Livestock,0.488,0.174,LOW,1
54,Primary,0.62,Wet,Fruits,Drip,95.1,1.63,50653.0,81698.0,Paid,600,27640,Working Capital,0.546,0.185,LOW,1
20,Secondary,5.77,Dry,Pulses,Drip,43.8,0.98,158167.0,27412.0,None,548,244703,Livestock,1.547,0.455,MEDIUM,0
54,Secondary,7.88,Dry,Cereals,Canal,69.6,1.87,255904.0,32475.0,Default,472,252581,Equipment,0.987,0.906,HIGH,0
56,Secondary,2.85,Irrigated,Pulses,Canal,65.5,0.67,75159.0,26372.0,Paid,491,78160,Working Capital,1.04,0.486,MEDIUM,0
66,Secondary,0.86,Dry,Dairy,Rainfed,56.0,1.1,17227.0,20031.0,Paid,542,60385,Seeds/Inputs,3.505,0.448,MEDIUM,1
33,Primary,0.9,Irrigated,Cereals,Rainfed,100.0,1.88,75800.0,84222.0,Default,421,17873,Irrigation,0.236,0.741,HIGH,0
22,No formal,1.05,Dry,Vegetables,Canal,49.6,3.93,116738.0,111179.0,Default,458,33598,Equipment,0.288,0.711,HIGH,0
20,No formal,9.68,Dry,Fruits,Drip,57.3,2.12,432663.0,44697.0,Paid,808,518965,Equipment,1.199,0.213,LOW,1
24,Graduate,12.58,Dry,Pulses,Rainfed,79.0,0.75,203141.0,16148.0,None,729,357800,Equipment,1.761,0.353,MEDIUM,1
45,Higher Secondary,1.16,Wet,Cereals,Rainfed,68.7,0.76,38149.0,32887.0,Default,565,12727,Working Capital,0.334,0.923,HIGH,0
33,Primary,1.85,Irrigated,Dairy,Canal,83.1,6.13,235037.0,127047.0,Paid,672,71566,Seeds/Inputs,0.304,0.103,LOW,1
58,Graduate,1.4,Dry,Cereals,Rainfed,57.1,0.99,69530.0,49664.0,Default,493,79227,Livestock,1.139,0.816,HIGH,0
46,Secondary,1.53,Irrigated,Dairy,Rainfed,65.7,1.87,70385.0,46003.0,Paid,600,96368,Seeds/Inputs,1.369,0.297,LOW,1
28,Secondary,9.59,Wet,Vegetables,Rainfed,89.2,3.21,800000.0,83420.0,None,816,496061,Working Capital,0.62,0.079,LOW,1
34,Secondary,2.52,Irrigated,Fruits,Rainfed,45.0,1.81,156721.0,62191.0,None,599,119070,Equipment,0.76,0.346,MEDIUM,1
34,No formal,2.37,Dry,Vegetables,Rainfed,53.1,1.97,129331.0,54570.0,Paid,585,64985,Irrigation,0.502,0.379,MEDIUM,1
45,No formal,1.79,Irrigated,Pulses,Rainfed,74.4,0.69,49863.0,27856.0,Paid,534,36991,Equipment,0.742,0.475,MEDIUM,0
61,Secondary,5.18,Irrigated,Cereals,Rainfed,56.5,1.23,140304.0,27086.0,None,617,161371,Livestock,1.15,0.437,MEDIUM,1
32,Secondary,2.88,Dry,Dairy,Tube-well,44.7,1.93,134354.0,46651.0,Paid,600,99890,Irrigation,0.743,0.391,MEDIUM,1
51,Primary,7.32,Dry,Dairy,Canal,66.1,6.08,800000.0,109290.0,None,850,369165,Equipment,0.461,0.033,LOW,1
58,Graduate,1.65,Irrigated,Cereals,Drip,92.0,1.47,67299.0,40787.0,Paid,572,71440,Irrigation,1.062,0.335,MEDIUM,1
68,Higher Secondary,8.25,Irrigated,Cereals,Rainfed,57.5,1.05,216798.0,26279.0,Paid,607,485947,Seeds/Inputs,2.241,0.38,MEDIUM,1
51,No formal,5.13,Dry,Pulses,Rainfed,52.0,0.57,74609.0,14544.0,None,378,162577,Working Capital,2.179,0.601,MEDIUM,0
23,Graduate,1.11,Irrigated,Vegetables,Drip,56.3,2.91,84967.0,76547.0,None,481,66464,Equipment,0.782,0.331,MEDIUM,1
49,Graduate,3.18,Irrigated,Dairy,Rainfed,54.7,5.35,499886.0,157197.0,None,807,96923,Livestock,0.194,0.102,LOW,1
56,Graduate,10.46,Irrigated,Pulses,Canal,79.5,0.99,306912.0,29341.0,Paid,791,211515,Seeds/Inputs,0.689,0.318,LOW,1
42,No formal,13.32,Irrigated,Vegetables,Canal,61.5,4.06,800000.0,60060.0,None,756,644147,Equipment,0.805,0.238,LOW,1
58,Higher Secondary,3.63,Irrigated,Pulses,Canal,45.5,0.68,99474.0,27403.0,None,530,82041,Seeds/Inputs,0.825,0.537,MEDIUM,0
64,Secondary,3.78,Wet,Dairy,Rainfed,59.7,0.1,43664.0,11551.0,Default,486,148641,Livestock,3.404,0.951,HIGH,0
34,Secondary,13.03,Dry,Cereals,Rainfed,73.9,1.7,551301.0,42310.0,Paid,850,379828,Equipment,0.689,0.232,LOW,1
62,Graduate,4.92,Dry,Cereals,Canal,44.9,1.13,121062.0,24606.0,Paid,577,210160,Livestock,1.736,0.422,MEDIUM,1
48,Secondary,0.67,Irrigated,Vegetables,Rainfed,36.1,3.67,68413.0,102109.0,Default,410,53086,Irrigation,0.776,0.703,HIGH,0
55,Higher Secondary,12.69,Irrigated,Fruits,Canal,99.4,3.84,800000.0,63042.0,None,850,389686,Livestock,0.487,0.153,LOW,1
32,Higher Secondary,1.93,Dry,Vegetables,Drip,38.2,5.43,339730.0,176026.0,Paid,784,105317,Irrigation,0.31,0.098,LOW,1
51,Higher Secondary,4.81,Irrigated,Fruits,Tube-well,53.5,1.98,200931.0,41774.0,Paid,719,127590,Equipment,0.635,0.344,MEDIUM,1
26,Secondary,1.4,Irrigated,Pulses,Rainfed,64.2,0.83,52680.0,37629.0,Paid,539,67626,Irrigation,1.284,0.382,MEDIUM,1
41,Primary,0.67,Wet,Pulses,Drip,58.1,1.14,58088.0,86699.0,None,668,51509,Equipment,0.887,0.163,LOW,1
47,Secondary,2.37,Wet,Dairy,Canal,53.7,2.73,173506.0,73209.0,Paid,481,127727,Equipment,0.736,0.328,LOW,1
21,Higher Secondary,8.08,Wet,Fruits,Rainfed,65.4,2.03,441510.0,54642.0,None,850,501368,Working Capital,1.136,0.166,LOW,1
61,Primary,2.13,Dry,Dairy,Rainfed,11.9,3.12,135819.0,63765.0,Paid,613,93062,Equipment,0.685,0.357,MEDIUM,1
64,Secondary,1.74,Dry,Cereals,Drip,40.2,1.19,44908.0,25809.0,None,583,57416,Irrigation,1.278,0.471,MEDIUM,0
25,Primary,1.7,Dry,Fruits,Rainfed,55.8,2.32,129911.0,76418.0,None,539,59685,Working Capital,0.459,0.334,MEDIUM,1
47,Secondary,4.12,Dry,Vegetables,Rainfed,47.7,2.41,238363.0,57855.0,None,524,251159,Working Capital,1.054,0.374,MEDIUM,1
47,Higher Secondary,19.05,Wet,Cereals,Rainfed,57.3,0.81,318864.0,16738.0,None,718,522752,Equipment,1.639,0.387,MEDIUM,1
63,Higher Secondary,3.57,Wet,Cereals,Drip,67.1,1.52,160926.0,45077.0,Paid,675,165270,Livestock,1.027,0.294,LOW,1
63,Primary,4.57,Dry,Vegetables,Drip,24.9,4.34,550614.0,120484.0,None,850,180402,Livestock,0.328,0.104,LOW,1
39,Graduate,10.35,Irrigated,Cereals,Drip,90.9,1.79,319542.0,30874.0,Paid,757,307668,Working Capital,0.963,0.285,LOW,1
49,Secondary,4.33,Dry,Fruits,Rainfed,46.0,2.12,271301.0,62656.0,None,715,136670,Equipment,0.504,0.304,LOW,1
30,Primary,1.52,Irrigated,Dairy,Rainfed,44.4,5.28,231971.0,152612.0,None,592,25266,Livestock,0.109,0.25,LOW,1
47,Secondary,2.28,Irrigated,Cereals,Canal,63.8,1.29,90781.0,39816.0,Paid,657,73487,Equipment,0.809,0.356,MEDIUM,1
44,Secondary,2.35,Dry,Fruits,Canal,56.9,2.04,163830.0,69715.0,None,549,124684,Equipment,0.761,0.325,LOW,1
58,Secondary,3.03,Wet,Pulses,Rainfed,76.5,0.98,90114.0,29741.0,Paid,684,135017,Working Capital,1.498,0.294,LOW,1
52,Secondary,3.28,Dry,Fruits,Canal,59.9,2.01,199643.0,60867.0,Paid,643,157151,Working Capital,0.787,0.276,LOW,1
20,Primary,8.54,Wet,Dairy,Tube-well,75.8,3.44,785849.0,92020.0,None,850,337833,Seeds/Inputs,0.43,0.059,LOW,1
46,Primary,2.65,Wet,Fruits,Drip,46.1,1.4,94487.0,35655.0,None,667,48744,Livestock,0.516,0.453,MEDIUM,0
32,Secondary,3.66,Dry,Vegetables,Drip,65.6,2.54,186150.0,50861.0,None,723,109763,Livestock,0.59,0.317,LOW,1
60,Primary,5.4,Wet,Dairy,Tube-well,34.9,4.38,520048.0,96305.0,None,850,184352,Livestock,0.354,0.104,LOW,1
22,Secondary,2.87,Dry,Pulses,Rainfed,56.8,1.19,88759.0,30926.0,None,529,112204,Irrigation,1.264,0.458,MEDIUM,0
58,Secondary,9.56,Dry,Vegetables,Canal,52.9,2.65,561247.0,58708.0,None,850,286414,Equipment,0.51,0.233,LOW,1
25,Higher Secondary,4.93,Wet,Fruits,Tube-well,52.2,1.67,237002.0,48073.0,None,603,185503,Working Capital,0.783,0.396,MEDIUM,1
27,Higher Secondary,2.24,Dry,Dairy,Rainfed,52.3,6.25,414367.0,184985.0,Paid,820,65755,Livestock,0.159,0.075,LOW,1
46,Higher Secondary,6.76,Wet,Pulses,Drip,76.3,0.67,141215.0,20890.0,Paid,507,229858,Seeds/Inputs,1.628,0.437,MEDIUM,1
28,Higher Secondary,4.25,Wet,Vegetables,Canal,26.1,1.25,155019.0,36475.0,Paid,620,161417,Livestock,1.041,0.419,MEDIUM,1
56,Secondary,4.32,Irrigated,Pulses,Canal,43.8,0.83,106044.0,24547.0,None,537,121197,Equipment,1.143,0.513,MEDIUM,0
52,Primary,3.78,Dry,Fruits,Canal,54.3,2.24,199362.0,52741.0,None,719,214029,Equipment,1.074,0.273,LOW,1
61,Secondary,3.94,Wet,Pulses,Tube-well,33.8,1.38,106574.0,27049.0,Paid,693,246676,Working Capital,2.315,0.359,MEDIUM,1
63,Secondary,7.75,Wet,Cereals,Drip,63.8,1.39,274282.0,35391.0,Paid,703,384164,Irrigation,1.401,0.285,LOW,1
43,No formal,1.04,Dry,Vegetables,Rainfed,54.1,2.85,99427.0,95603.0,Paid,613,36171,Working Capital,0.364,0.19,LOW,1
34,Secondary,2.54,Irrigated,Pulses,Tube-well,34.7,0.57,34791.0,13697.0,None,624,140955,Livestock,4.051,0.486,MEDIUM,0
51,Secondary,0.89,Irrigated,Fruits,Rainfed,33.8,2.76,69077.0,77615.0,Paid,674,35461,Seeds/Inputs,0.513,0.248,LOW,1
51,Higher Secondary,7.5,Wet,Fruits,Rainfed,7.8,3.67,489636.0,65285.0,Paid,798,371064,Working Capital,0.758,0.241,LOW,1
43,Graduate,2.09,Irrigated,Pulses,Canal,38.0,0.88,91257.0,43664.0,None,556,66713,Irrigation,0.731,0.468,MEDIUM,0
60,Secondary,11.89,Irrigated,Fruits,Canal,60.3,1.82,616482.0,51849.0,Paid,850,546571,Working Capital,0.887,0.186,LOW,1
68,Primary,4.24,Irrigated,Dairy,Rainfed,62.8,4.81,538980.0,127118.0,Paid,671,202749,Equipment,0.376,0.123,LOW,1
68,No formal,8.57,Irrigated,Dairy,Tube-well,63.6,3.93,800000.0,93349.0,None,850,406779,Livestock,0.508,0.061,LOW,1
31,Graduate,19.8,Irrigated,Dairy,Drip,54.0,4.67,800000.0,40404.0,None,850,927516,Livestock,1.159,0.244,LOW,1
58,Graduate,9.66,Dry,Cereals,Canal,54.7,1.06,313443.0,32448.0,Paid,688,371065,Livestock,1.184,0.343,MEDIUM,1
21,Primary,10.59,Dry,Pulses,Rainfed,62.2,0.71,213924.0,20201.0,Default,610,430290,Livestock,2.011,0.836,HIGH,0
22,Secondary,3.12,Wet,Cereals,Tube-well,32.2,1.03,122310.0,39202.0,None,578,70664,Livestock,0.578,0.5,MEDIUM,0
68,No formal,4.51,Dry,Fruits,Tube-well,57.2,3.25,408294.0,90531.0,None,806,215819,Livestock,0.529,0.106,LOW,1
56,Primary,1.96,Wet,Cereals,Drip,74.8,1.05,62105.0,31686.0,None,672,5000,Seeds/Inputs,0.081,0.476,MEDIUM,0
68,Primary,1.59,Dry,Fruits,Rainfed,46.2,2.13,78091.0,49114.0,Paid,598,101714,Irrigation,1.302,0.318,LOW,1
36,Primary,4.02,Dry,Fruits,Rainfed,74.1,1.75,176245.0,43842.0,None,663,111661,Livestock,0.634,0.367,MEDIUM,1
68,Graduate,5.02,Irrigated,Vegetables,Rainfed,51.6,3.45,330902.0,65917.0,Default,586,209884,Irrigation,0.634,0.751,HIGH,0
21,Secondary,2.57,Irrigated,Dairy,Rainfed,44.5,4.47,271075.0,105477.0,None,695,65812,Livestock,0.243,0.176,LOW,1
21,Secondary,4.71,Dry,Fruits,Rainfed,65.0,2.14,311159.0,66063.0,None,616,264443,Working Capital,0.85,0.282,LOW,1
47,Higher Secondary,11.42,Wet,Vegetables,Tube-well,91.6,2.29,797074.0,69796.0,Paid,850,589799,Livestock,0.74,0.078,LOW,1
42,Graduate,4.57,Irrigated,Dairy,Canal,61.5,6.81,800000.0,175055.0,Paid,847,153031,Equipment,0.191,0.043,LOW,1
56,Graduate,6.88,Dry,Fruits,Rainfed,66.4,1.0,151549.0,22027.0,Paid,554,174442,Seeds/Inputs,1.151,0.456,MEDIUM,0
51,No formal,8.68,Irrigated,Fruits,Rainfed,50.8,2.89,390808.0,45024.0,None,585,204885,Working Capital,0.524,0.45,MEDIUM,0
52,Secondary,22.93,Dry,Cereals,Rainfed,32.7,1.72,666046.0,29047.0,Default,784,1000000,Working Capital,1.501,0.735,HIGH,0
20,No formal,5.12,Dry,Cereals,Rainfed,58.0,0.1,5000.0,977.0,None,688,208203,Equipment,41.632,0.475,MEDIUM,0
38,Primary,8.72,Irrigated,Dairy,Rainfed,65.8,5.19,702965.0,80615.0,Paid,850,315700,Livestock,0.449,0.095,LOW,1
21,Primary,16.94,Dry,Fruits,Rainfed,48.6,2.32,611550.0,36101.0,None,850,418262,Seeds/Inputs,0.684,0.323,LOW,1
63,Secondary,14.95,Wet,Pulses,Drip,74.4,0.86,417394.0,27919.0,Paid,849,687876,Working Capital,1.648,0.209,LOW,1
45,Secondary,1.26,Irrigated,Cereals,Tube-well,48.2,1.07,56919.0,45174.0,Paid,483,80075,Seeds/Inputs,1.407,0.389,MEDIUM,1
51,Primary,3.11,Dry,Dairy,Rainfed,38.8,5.61,358291.0,115206.0,None,650,169093,Working Capital,0.472,0.185,LOW,1
25,Primary,2.46,Wet,Fruits,Rainfed,74.1,2.79,127135.0,51681.0,Paid,693,97782,Livestock,0.769,0.272,LOW,1
51,Primary,0.95,Irrigated,Fruits,Drip,87.2,2.61,89632.0,94349.0,None,587,37228,Working Capital,0.415,0.187,LOW,1
23,Primary,5.52,Dry,Pulses,Rainfed,43.6,0.58,60830.0,11020.0,None,477,122729,Working Capital,2.018,0.571,MEDIUM,0
30,Secondary,7.16,Irrigated,Dairy,Rainfed,90.9,6.82,800000.0,111732.0,Paid,850,95329,Irrigation,0.119,0.009,LOW,1
36,No formal,9.92,Wet,Fruits,Tube-well,49.8,2.51,538830.0,54318.0,None,850,303141,Livestock,0.563,0.252,LOW,1
57,Primary,1.15,Wet,Cereals,Rainfed,56.5,2.12,48520.0,42191.0,Paid,511,18159,Equipment,0.374,0.487,MEDIUM,0
43,Secondary,10.96,Wet,Pulses,Canal,53.5,1.28,297685.0,27161.0,None,477,340848,Equipment,1.145,0.523,MEDIUM,0
24,Secondary,5.65,Dry,Dairy,Canal,64.4,1.33,133002.0,23540.0,None,591,240000,Livestock,1.804,0.419,MEDIUM,1
53,Primary,6.59,Irrigated,Pulses,Rainfed,64.9,0.64,119698.0,18164.0,None,591,420925,Equipment,3.517,0.443,MEDIUM,1
25,Primary,12.57,Irrigated,Cereals,Rainfed,64.6,0.79,274847.0,21865.0,None,688,554995,Livestock,2.019,0.371,MEDIUM,1
41,No formal,5.4,Wet,Dairy,Drip,44.6,3.93,552227.0,102264.0,Paid,850,271824,Equipment,0.492,0.032,LOW,1
30,Graduate,2.55,Irrigated,Pulses,Rainfed,29.6,0.85,49683.0,19484.0,Paid,579,135150,Irrigation,2.72,0.465,MEDIUM,0
67,Secondary,9.22,Wet,Vegetables,Rainfed,75.6,3.23,745519.0,80859.0,Default,822,218486,Equipment,0.293,0.551,MEDIUM,0
35,Secondary,2.76,Wet,Cereals,Drip,53.2,1.62,139482.0,50537.0,Paid,704,144282,Working Capital,1.034,0.27,LOW,1
52,Graduate,0.67,Wet,Cereals,Canal,54.1,1.8,51773.0,77273.0,None,577,7556,Livestock,0.146,0.345,MEDIUM,1
28,No formal,9.38,Wet,Cereals,Rainfed,60.9,1.59,332343.0,35431.0,None,850,432407,Seeds/Inputs,1.301,0.242,LOW,1
25,Higher Secondary,2.62,Wet,Vegetables,Tube-well,84.3,2.44,145933.0,55700.0,None,522,71894,Seeds/Inputs,0.493,0.396,MEDIUM,1
35,Secondary,7.93,Irrigated,Vegetables,Rainfed,62.9,2.22,404751.0,51040.0,None,678,498747,Livestock,1.232,0.275,LOW,1
48,Primary,2.75,Wet,Fruits,Drip,55.9,2.5,188718.0,68625.0,Paid,693,72191,Irrigation,0.383,0.262,LOW,1
22,Secondary,10.37,Dry,Pulses,Drip,53.6,0.91,232562.0,22426.0,None,767,336405,Equipment,1.447,0.343,MEDIUM,1
39,Higher Secondary,1.74,Dry,Fruits,Canal,54.3,2.35,84320.0,48460.0,None,576,74280,Irrigation,0.881,0.396,MEDIUM,1
55,Secondary,18.85,Wet,Pulses,Canal,38.6,0.46,221827.0,11768.0,Default,460,411205,Seeds/Inputs,1.854,0.993,HIGH,0
38,Graduate,8.07,Irrigated,Vegetables,Tube-well,60.5,3.68,800000.0,99133.0,Paid,850,366963,Livestock,0.459,0.017,LOW,1
45,Secondary,1.11,Wet,Vegetables,Rainfed,54.1,2.61,88566.0,79789.0,None,531,59628,Livestock,0.673,0.303,LOW,1
22,Higher Secondary,4.67,Wet,Fruits,Drip,92.5,2.16,309771.0,66332.0,None,732,270100,Irrigation,0.872,0.173,LOW,1
38,Secondary,21.62,Wet,Dairy,Rainfed,53.5,3.92,800000.0,37003.0,None,850,1000000,Irrigation,1.25,0.25,LOW,1
39,Higher Secondary,3.68,Wet,Fruits,Rainfed,20.4,2.31,271940.0,73897.0,Paid,651,196626,Equipment,0.723,0.273,LOW,1
51,Secondary,1.51,Dry,Pulses,Rainfed,100.0,0.71,64511.0,42723.0,None,532,44079,Working Capital,0.683,0.407,MEDIUM,1
26,No formal,3.82,Wet,Fruits,Tube-well,72.2,1.48,151811.0,39741.0,None,582,185157,Working Capital,1.22,0.371,MEDIUM,1
60,No formal,4.09,Irrigated,Cereals,Tube-well,97.5,1.16,135835.0,33211.0,None,690,179451,Equipment,1.321,0.293,LOW,1
52,Primary,7.27,Irrigated,Pulses,Rainfed,39.2,0.98,127546.0,17544.0,Paid,699,338956,Working Capital,2.657,0.391,MEDIUM,1
59,No formal,6.5,Wet,Pulses,Rainfed,51.0,0.87,190066.0,29241.0,None,648,190585,Seeds/Inputs,1.003,0.433,MEDIUM,1
58,No formal,3.08,Dry,Dairy,Drip,75.1,5.42,423087.0,137366.0,Paid,850,142234,Working Capital,0.336,0.007,LOW,1
37,Secondary,1.73,Dry,Vegetables,Rainfed,64.7,2.27,78531.0,45394.0,Paid,592,103045,Equipment,1.312,0.312,LOW,1
59,Secondary,5.68,Dry,Pulses,Rainfed,60.5,0.48,106542.0,18757.0,Paid,707,335515,Working Capital,3.149,0.352,MEDIUM,1
20,Higher Secondary,3.24,Wet,Vegetables,Canal,15.4,2.75,279203.0,86174.0,None,655,122718,Livestock,0.44,0.28,LOW,1
30,Graduate,1.21,Dry,Fruits,Canal,24.2,2.01,44494.0,36772.0,Paid,759,38844,Irrigation,0.873,0.358,MEDIUM,1
47,Secondary,12.04,Wet,Cereals,Tube-well,82.3,1.0,288270.0,23943.0,Paid,820,436852,Seeds/Inputs,1.515,0.233,LOW,1
44,Higher Secondary,6.38,Wet,Dairy,Rainfed,85.5,4.32,775315.0,121523.0,None,850,331940,Livestock,0.428,0.01,LOW,1
69,Higher Secondary,6.25,Dry,Vegetables,Rainfed,53.1,2.5,441606.0,70657.0,Paid,850,234875,Livestock,0.532,0.149,LOW,1
42,Secondary,9.15,Wet,Pulses,Canal,80.0,0.49,94620.0,10341.0,None,708,334761,Equipment,3.538,0.39,MEDIUM,1
50,Primary,4.27,Dry,Vegetables,Drip,44.6,2.44,181648.0,42541.0,None,765,118985,Irrigation,0.655,0.352,MEDIUM,1
49,Primary,8.94,Wet,Pulses,Canal,40.7,0.89,135033.0,15104.0,Paid,419,330783,Irrigation,2.45,0.562,MEDIUM,0
61,Primary,3.95,Dry,Vegetables,Canal,35.2,3.67,360560.0,91281.0,None,788,146323,Seeds/Inputs,0.406,0.157,LOW,1
54,Primary,0.85,Irrigated,Pulses,Rainfed,44.7,0.97,52206.0,61419.0,Paid,619,71907,Equipment,1.377,0.244,LOW,1
26,Primary,3.1,Dry,Fruits,Drip,76.0,2.84,290136.0,93592.0,None,733,139469,Seeds/Inputs,0.481,0.114,LOW,1
35,Higher Secondary,3.94,Irrigated,Pulses,Rainfed,44.5,0.76,67543.0,17143.0,Paid,601,86065,Working Capital,1.274,0.467,MEDIUM,0
45,Higher Secondary,6.87,Wet,Pulses,Rainfed,95.3,0.9,169499.0,24672.0,Default,535,251651,Livestock,1.485,0.816,HIGH,0
67,No formal,1.06,Irrigated,Cereals,Canal,68.3,1.18,44324.0,41815.0,Paid,675,32374,Seeds/Inputs,0.73,0.339,MEDIUM,1
68,Primary,1.25,Wet,Pulses,Rainfed,74.5,0.83,11999.0,9599.0,None,599,72290,Livestock,6.024,0.464,MEDIUM,0
21,No formal,2.03,Irrigated,Cereals,Rainfed,68.8,0.82,86011.0,42370.0,None,610,98930,Equipment,1.15,0.355,MEDIUM,1
20,Secondary,2.05,Irrigated,Dairy,Tube-well,81.9,4.07,211893.0,103362.0,Paid,747,65520,Working Capital,0.309,0.06,LOW,1
67,Secondary,7.09,Wet,Cereals,Canal,39.4,1.35,275025.0,38791.0,None,721,236369,Equipment,0.859,0.379,MEDIUM,1
31,Higher Secondary,1.94,Wet,Fruits,Drip,89.0,2.77,157864.0,81373.0,None,670,74073,Working Capital,0.469,0.19,LOW,1
24,Primary,5.51,Wet,Cereals,Rainfed,57.5,0.68,131357.0,23840.0,Paid,765,245744,Working Capital,1.871,0.299,LOW,1
56,Higher Secondary,3.91,Wet,Dairy,Drip,84.8,4.14,487440.0,124665.0,Paid,759,152238,Livestock,0.312,0.049,LOW,1
51,Graduate,4.76,Dry,Fruits,Rainfed,29.1,1.34,185737.0,39020.0,Default,402,138540,Equipment,0.746,0.998,HIGH,0
28,No formal,9.6,Dry,Vegetables,Rainfed,58.3,3.17,742705.0,77365.0,None,850,312180,Equipment,0.42,0.151,LOW,1
60,Higher Secondary,3.09,Wet,Vegetables,Tube-well,57.6,2.3,214553.0,69435.0,None,674,74554,Seeds/Inputs,0.347,0.298,LOW,1
54,Secondary,7.87,Wet,Cereals,Drip,51.9,1.88,368366.0,46806.0,None,792,406746,Equipment,1.104,0.258,LOW,1
38,Secondary,3.24,Irrigated,Cereals,Canal,65.6,1.25,72098.0,22252.0,Default,475,106628,Seeds/Inputs,1.479,0.902,HIGH,0
67,Secondary,2.68,Wet,Dairy,Rainfed,82.7,5.2,369249.0,137779.0,Paid,795,102654,Irrigation,0.278,0.035,LOW,1
35,Higher Secondary,16.43,Irrigated,Dairy,Tube-well,47.5,7.17,800000.0,48691.0,Paid,850,859285,Irrigation,1.074,0.197,LOW,1
22,Secondary,1.52,Dry,Pulses,Canal,72.3,0.6,35986.0,23675.0,Default,512,82579,Irrigation,2.295,0.863,HIGH,0
39,Higher Secondary,0.97,Dry,Dairy,Drip,42.7,4.65,114362.0,117899.0,Paid,685,44353,Equipment,0.388,0.141,LOW,1
43,Graduate,7.87,Dry,Pulses,Drip,100.0,0.5,72581.0,9222.0,Paid,576,284779,Equipment,3.924,0.417,MEDIUM,1
52,Secondary,0.85,Wet,Fruits,Rainfed,69.1,2.78,79303.0,93298.0,None,479,5000,Seeds/Inputs,0.063,0.317,LOW,1
43,Graduate,9.57,Irrigated,Cereals,Rainfed,91.1,1.91,557590.0,58264.0,Paid,645,479820,Working Capital,0.861,0.236,LOW,1
30,Secondary,3.37,Dry,Fruits,Canal,67.1,2.0,167661.0,49751.0,Paid,592,172955,Seeds/Inputs,1.032,0.32,LOW,1
68,Secondary,12.86,Irrigated,Dairy,Rainfed,67.0,2.67,676264.0,52587.0,Paid,682,396296,Irrigation,0.586,0.304,LOW,1
27,Secondary,6.89,Wet,Fruits,Rainfed,69.3,2.43,415102.0,60247.0,Default,679,235305,Seeds/Inputs,0.567,0.706,HIGH,0
55,No formal,5.21,Wet,Fruits,Tube-well,52.5,4.14,573060.0,109992.0,Default,686,277875,Working Capital,0.485,0.553,MEDIUM,0
57,Higher Secondary,15.41,Wet,Fruits,Canal,25.9,3.12,800000.0,51914.0,Paid,845,842130,Equipment,1.053,0.217,LOW,1
59,Secondary,3.03,Dry,Dairy,Drip,71.1,2.64,248723.0,82087.0,Paid,685,76566,Seeds/Inputs,0.308,0.192,LOW,1
39,Secondary,15.91,Wet,Fruits,Canal,41.4,3.66,800000.0,50283.0,Paid,850,691689,Irrigation,0.865,0.221,LOW,1
54,Graduate,1.23,Wet,Pulses,Canal,35.2,0.39,8883.0,7222.0,None,591,6293,Irrigation,0.708,0.62,MEDIUM,0
67,Primary,3.81,Dry,Dairy,Rainfed,66.5,7.2,761601.0,199895.0,None,850,97727,Equipment,0.128,0.069,LOW,1
44,Secondary,2.07,Wet,Fruits,Rainfed,50.0,3.19,203912.0,98508.0,Paid,596,109739,Seeds/Inputs,0.538,0.173,LOW,1
54,Secondary,4.38,Dry,Dairy,Rainfed,73.5,6.65,499093.0,113948.0,Paid,781,239649,Working Capital,0.48,0.033,LOW,1
44,Higher Secondary,1.38,Wet,Vegetables,Rainfed,40.8,1.35,46521.0,33711.0,None,590,62722,Equipment,1.348,0.423,MEDIUM,1
48,Secondary,9.71,Wet,Pulses,Drip,54.5,0.84,160296.0,16508.0,Default,398,230485,Seeds/Inputs,1.438,0.993,HIGH,0
37,Higher Secondary,9.87,Wet,Fruits,Rainfed,75.7,2.39,601441.0,60936.0,None,850,511710,Livestock,0.851,0.155,LOW,1
65,Higher Secondary,16.03,Wet,Vegetables,Canal,60.0,1.99,774175.0,48295.0,None,823,624625,Irrigation,0.807,0.254,LOW,1
37,No formal,1.34,Dry,Vegetables,Rainfed,28.4,1.7,53693.0,40069.0,Paid,622,44576,Working Capital,0.83,0.421,MEDIUM,1
21,No formal,5.38,Wet,Dairy,Rainfed,59.6,4.76,778373.0,144679.0,None,850,198632,Working Capital,0.255,0.064,LOW,1
54,Secondary,3.71,Dry,Vegetables,Rainfed,81.7,3.6,361804.0,97521.0,None,616,101361,Working Capital,0.28,0.178,LOW,1
35,Primary,2.61,Dry,Pulses,Rainfed,46.4,1.12,51127.0,19589.0,None,529,127217,Irrigation,2.488,0.498,MEDIUM,0
60,Primary,2.67,Irrigated,Pulses,Rainfed,70.8,0.67,68781.0,25761.0,Paid,541,81447,Seeds/Inputs,1.184,0.437,MEDIUM,1
55,Secondary,3.16,Dry,Cereals,Rainfed,39.7,1.14,103107.0,32629.0,None,687,93434,Equipment,0.906,0.421,MEDIUM,1
52,Primary,6.6,Wet,Pulses,Rainfed,52.5,0.45,94258.0,14282.0,Paid,611,201825,Seeds/Inputs,2.141,0.439,MEDIUM,1
23,Secondary,5.06,Wet,Vegetables,Drip,82.6,4.54,608962.0,120348.0,Paid,778,164135,Equipment,0.27,0.046,LOW,1
52,Secondary,3.58,Dry,Pulses,Rainfed,58.9,0.82,132369.0,36975.0,None,748,72196,Working Capital,0.545,0.379,MEDIUM,1
33,Secondary,0.89,Dry,Dairy,Rainfed,78.2,5.08,106233.0,119363.0,Default,533,41632,Seeds/Inputs,0.392,0.617,MEDIUM,0
40,Secondary,0.9,Dry,Cereals,Canal,62.7,1.5,29561.0,32846.0,None,538,49264,Working Capital,1.666,0.41,MEDIUM,1
67,Secondary,0.51,Irrigated,Vegetables,Rainfed,99.9,4.46,85118.0,166898.0,Default,348,40353,Livestock,0.474,0.685,HIGH,0
39,Primary,17.66,Wet,Cereals,Tube-well,26.8,0.87,336351.0,19046.0,Paid,684,371607,Working Capital,1.105,0.453,MEDIUM,0
27,Secondary,0.53,Dry,Vegetables,Canal,51.1,3.7,39998.0,75468.0,Default,432,13450,Working Capital,0.336,0.83,HIGH,0
26,Secondary,1.04,Wet,Dairy,Rainfed,35.5,3.96,112615.0,108284.0,None,636,38197,Equipment,0.339,0.212,LOW,1
22,Higher Secondary,2.39,Wet,Cereals,Canal,36.7,2.04,110159.0,46092.0,Paid,654,50053,Livestock,0.454,0.405,MEDIUM,1
36,Secondary,8.74,Dry,Fruits,Rainfed,36.9,1.83,473463.0,54172.0,None,850,301981,Working Capital,0.638,0.262,LOW,1
52,Graduate,16.86,Wet,Vegetables,Canal,58.0,4.17,800000.0,47450.0,None,821,771402,Working Capital,0.964,0.245,LOW,1
67,Secondary,8.3,Wet,Fruits,Rainfed,59.1,2.78,503020.0,60605.0,Paid,818,253069,Livestock,0.503,0.208,LOW,1
31,Primary,6.36,Irrigated,Cereals,Tube-well,67.7,1.32,208996.0,32861.0,None,642,116331,Livestock,0.557,0.446,MEDIUM,1
41,Higher Secondary,4.18,Dry,Fruits,Rainfed,34.8,2.54,341970.0,81811.0,Paid,850,210267,Seeds/Inputs,0.615,0.114,LOW,1
41,Primary,0.95,Dry,Fruits,Canal,49.2,3.58,73666.0,77543.0,None,592,54557,Equipment,0.741,0.277,LOW,1
65,Primary,16.37,Dry,Cereals,Canal,37.6,1.31,351840.0,21493.0,None,676,704552,Livestock,2.002,0.416,MEDIUM,1
49,No formal,7.6,Wet,Dairy,Rainfed,71.8,1.71,230548.0,30335.0,Paid,674,405543,Livestock,1.759,0.303,LOW,1
57,Secondary,5.59,Dry,Fruits,Rainfed,39.3,3.48,347841.0,62226.0,None,723,246535,Irrigation,0.709,0.288,LOW,1
57,Secondary,7.62,Wet,Fruits,Drip,59.2,3.33,490685.0,64394.0,Paid,636,209414,Livestock,0.427,0.305,LOW,1
64,Primary,6.94,Irrigated,Dairy,Drip,78.1,4.88,800000.0,115274.0,Paid,850,242569,Equipment,0.303,0.006,LOW,1
27,Higher Secondary,5.57,Irrigated,Fruits,Rainfed,48.9,1.6,166649.0,29919.0,Paid,608,147356,Working Capital,0.884,0.442,MEDIUM,1
46,Primary,20.21,Wet,Fruits,Drip,75.5,1.72,565054.0,27959.0,None,830,510121,Working Capital,0.903,0.311,LOW,1
46,Primary,12.18,Irrigated,Fruits,Tube-well,88.7,1.0,358831.0,29461.0,Paid,660,547475,Working Capital,1.526,0.292,LOW,1
53,Primary,5.7,Wet,Pulses,Tube-well,58.4,0.92,120839.0,21200.0,Default,403,356521,Working Capital,2.95,0.956,HIGH,0
40,No formal,6.41,Wet,Dairy,Rainfed,71.2,1.98,283038.0,44156.0,Paid,762,370326,Irrigation,1.308,0.211,LOW,1
49,Secondary,0.76,Dry,Fruits,Drip,25.7,1.12,22319.0,29367.0,Paid,650,36507,Livestock,1.636,0.384,MEDIUM,1
52,Secondary,6.04,Irrigated,Dairy,Rainfed,52.3,5.91,800000.0,132450.0,Paid,850,177614,Working Capital,0.222,0.05,LOW,1
47,Secondary,0.73,Dry,Vegetables,Tube-well,58.3,3.77,70232.0,96208.0,Paid,440,5000,Seeds/Inputs,0.071,0.313,LOW,1
66,Primary,4.94,Dry,Vegetables,Canal,36.0,2.67,389954.0,78938.0,Paid,784,260558,Working Capital,0.668,0.158,LOW,1
52,Secondary,37.22,Dry,Fruits,Rainfed,58.7,2.39,800000.0,21494.0,None,806,1000000,Livestock,1.25,0.339,MEDIUM,1
24,No formal,4.56,Wet,Dairy,Drip,82.1,0.39,49770.0,10914.0,None,522,212286,Working Capital,4.265,0.493,MEDIUM,0
67,Higher Secondary,3.7,Dry,Dairy,Rainfed,21.2,5.38,612393.0,165512.0,Paid,850,184136,Irrigation,0.301,0.084,LOW,1
38,No formal,2.38,Dry,Dairy,Tube-well,33.6,2.96,147360.0,61916.0,None,676,119926,Equipment,0.814,0.313,LOW,1
23,Secondary,1.14,Dry,Pulses,Tube-well,58.3,0.88,21024.0,18442.0,Paid,597,39920,Equipment,1.899,0.42,MEDIUM,1
54,Graduate,7.07,Dry,Vegetables,Canal,63.3,0.51,119127.0,16850.0,None,715,140719,Livestock,1.181,0.414,MEDIUM,1
68,Secondary,1.57,Wet,Dairy,Rainfed,68.3,5.47,232902.0,148345.0,Paid,711,51041,Equipment,0.219,0.109,LOW,1
36,Graduate,1.11,Wet,Dairy,Canal,57.0,2.87,81760.0,73658.0,None,429,45767,Equipment,0.56,0.398,MEDIUM,0
63,Primary,3.24,Dry,Pulses,Rainfed,63.3,0.46,46496.0,14351.0,None,544,50413,Seeds/Inputs,1.084,0.535,MEDIUM,0
47,Higher Secondary,8.43,Wet,Pulses,Rainfed,71.3,0.72,178733.0,21202.0,Default,516,378417,Livestock,2.117,0.873,HIGH,0
49,Secondary,7.33,Wet,Dairy,Drip,55.5,3.11,623349.0,85041.0,Paid,849,228027,Livestock,0.366,0.099,LOW,1
48,Higher Secondary,0.78,Dry,Cereals,Rainfed,44.0,1.63,67328.0,86318.0,Paid,534,48507,Equipment,0.72,0.253,LOW,1
65,No formal,3.54,Dry,Dairy,Rainfed,52.0,3.37,286438.0,80915.0,Paid,611,76425,Equipment,0.267,0.271,LOW,1
25,Primary,4.2,Irrigated,Dairy,Tube-well,63.6,6.04,387414.0,92241.0,Paid,850,206547,Equipment,0.533,0.036,LOW,1
54,Primary,5.67,Wet,Pulses,Rainfed,43.2,0.88,108021.0,19051.0,Paid,573,203049,Irrigation,1.88,0.452,MEDIUM,0
60,Secondary,5.75,Dry,Pulses,Rainfed,47.9,1.02,216545.0,37660.0,Paid,846,301562,Working Capital,1.393,0.215,LOW,1
56,Higher Secondary,2.77,Wet,Dairy,Tube-well,62.2,4.0,257802.0,93069.0,None,588,65827,Irrigation,0.255,0.244,LOW,1
43,Higher Secondary,4.61,Dry,Dairy,Rainfed,57.8,5.91,800000.0,173536.0,Paid,850,125737,Livestock,0.157,0.05,LOW,1
48,No formal,3.78,Wet,Dairy,Drip,59.7,2.27,174590.0,46188.0,Paid,656,167722,Seeds/Inputs,0.961,0.317,LOW,1
68,Higher Secondary,11.31,Dry,Pulses,Tube-well,23.7,0.83,253540.0,22417.0,Default,483,606404,Working Capital,2.392,0.952,HIGH,0
65,Primary,4.28,Dry,Dairy,Tube-well,54.9,3.41,308974.0,72190.0,None,667,115542,Seeds/Inputs,0.374,0.29,LOW,1
50,Secondary,3.41,Dry,Dairy,Canal,37.5,6.09,481271.0,141135.0,Paid,789,83111,Livestock,0.173,0.111,LOW,1
54,No formal,3.09,Irrigated,Fruits,Rainfed,77.7,3.7,221263.0,71606.0,Paid,593,167293,Livestock,0.756,0.235,LOW,1
52,Higher Secondary,4.75,Irrigated,Cereals,Rainfed,54.4,1.2,110234.0,23207.0,None,585,202395,Seeds/Inputs,1.836,0.438,MEDIUM,1
40,Primary,8.65,Dry,Vegetables,Drip,45.1,1.71,342211.0,39562.0,None,532,473587,Seeds/Inputs,1.384,0.42,MEDIUM,1
51,Secondary,4.37,Dry,Cereals,Tube-well,53.9,1.37,198331.0,45385.0,None,706,104741,Seeds/Inputs,0.528,0.374,MEDIUM,1
42,Higher Secondary,5.92,Irrigated,Fruits,Canal,82.9,1.17,210562.0,35568.0,None,753,280258,Livestock,1.331,0.264,LOW,1
52,No formal,7.19,Dry,Vegetables,Rainfed,66.4,4.63,628398.0,87399.0,None,850,194798,Equipment,0.31,0.106,LOW,1
22,Secondary,4.17,Dry,Dairy,Rainfed,59.0,3.29,241946.0,58021.0,Paid,850,133670,Seeds/Inputs,0.552,0.196,LOW,1
37,Primary,3.28,Irrigated,Fruits,Rainfed,36.1,2.48,177071.0,53985.0,Paid,693,167450,Working Capital,0.946,0.294,LOW,1
44,Primary,10.96,Dry,Dairy,Drip,92.2,2.98,774711.0,70685.0,Paid,850,482901,Livestock,0.623,0.086,LOW,1
61,Secondary,3.2,Wet,Pulses,Rainfed,43.8,0.57,68581.0,21432.0,Default,563,168437,Irrigation,2.456,0.883,HIGH,0
50,Primary,3.6,Irrigated,Fruits,Tube-well,76.8,3.09,335973.0,93326.0,None,498,107225,Irrigation,0.319,0.268,LOW,1
22,Secondary,23.7,Dry,Pulses,Drip,57.1,0.76,290383.0,12252.0,None,729,886151,Working Capital,3.052,0.401,MEDIUM,1
59,Secondary,0.5,Dry,Fruits,Rainfed,70.1,2.53,33800.0,67600.0,Paid,456,9615,Equipment,0.284,0.395,MEDIUM,1
65,Secondary,1.53,Dry,Fruits,Canal,78.5,1.7,72226.0,47207.0,None,492,100825,Seeds/Inputs,1.396,0.361,MEDIUM,1
43,Higher Secondary,2.92,Irrigated,Pulses,Rainfed,71.7,1.01,92845.0,31796.0,None,516,96555,Livestock,1.04,0.466,MEDIUM,0
69,Secondary,13.98,Irrigated,Vegetables,Canal,73.6,3.96,800000.0,57225.0,None,850,436008,Seeds/Inputs,0.545,0.208,LOW,1
51,Secondary,0.86,Irrigated,Cereals,Drip,66.2,1.12,41958.0,48788.0,None,623,44388,Livestock,1.058,0.332,MEDIUM,1
66,Secondary,0.55,Dry,Dairy,Drip,55.2,5.9,106783.0,194151.0,Paid,638,19942,Irrigation,0.187,0.173,LOW,1
41,Secondary,0.77,Irrigated,Fruits,Drip,70.5,2.42,69802.0,90652.0,None,584,9306,Seeds/Inputs,0.133,0.259,LOW,1
42,Primary,0.96,Irrigated,Dairy,Rainfed,53.9,5.17,173653.0,180889.0,Paid,695,59434,Working Capital,0.342,0.125,LOW,1
21,Higher Secondary,0.69,Wet,Pulses,Rainfed,99.4,0.39,35955.0,52109.0,None,631,5000,Equipment,0.139,0.367,MEDIUM,1
46,Secondary,3.77,Irrigated,Dairy,Drip,50.1,4.53,436215.0,115707.0,Paid,804,176745,Working Capital,0.405,0.06,LOW,1
61,Primary,4.85,Irrigated,Pulses,Rainfed,78.0,0.73,89802.0,18516.0,None,457,116972,Equipment,1.303,0.523,MEDIUM,0
21,Secondary,2.09,Wet,Dairy,Rainfed,64.3,4.23,216638.0,103655.0,Paid,599,83541,Seeds/Inputs,0.386,0.162,LOW,1
45,Primary,3.04,Wet,Cereals,Rainfed,59.1,1.24,117763.0,38738.0,None,611,166006,Seeds/Inputs,1.41,0.356,MEDIUM,1
36,Graduate,0.98,Dry,Cereals,Canal,81.6,1.25,59862.0,61084.0,None,639,6880,Equipment,0.115,0.349,MEDIUM,1
59,No formal,2.55,Dry,Cereals,Rainfed,60.4,1.45,96908.0,38003.0,Paid,492,173948,Irrigation,1.795,0.389,MEDIUM,1
52,Primary,4.2,Wet,Cereals,Canal,43.6,0.97,137689.0,32783.0,None,618,146854,Livestock,1.067,0.437,MEDIUM,1
28,Primary,7.09,Dry,Cereals,Tube-well,60.3,1.43,301977.0,42592.0,None,576,401365,Working Capital,1.329,0.366,MEDIUM,1
62,Secondary,0.52,Irrigated,Cereals,Rainfed,56.7,1.69,47116.0,90608.0,None,656,32036,Working Capital,0.68,0.177,LOW,1
